{
  "camera_data": {},
  "objects": [
    {
      "class": "Corn",
      "location": [
        -0.5194586279780793,
        -1.7147138458089506,
        31.75199533720565
      ],
      "quaternion_xyzw": [
        0.1643968672044589,
        -0.1388386036208934,
        0.9730536848368637,
        0.08284949380268501
      ],
      "projected_cuboid": [
        [
          229.32958064113507,
          201.15888206067348
        ],
        [
          306.47191375682047,
          192.23208252821453
        ],
        [
          287.07908941451376,
          90.09428671245588
        ],
        [
          207.23366075428106,
          105.28948599150445
        ],
        [
          193.1427733224878,
          236.02658805872488
        ],
        [
          283.93606894837393,
          227.65384716790695
        ],
        [
          258.7750823476549,
          105.0074948864869
        ],
        [
          164.3007511492842,
          122.33026619448475
        ],
        [
          241.80089150921333,
          160.43504411089518
        ]
      ]
    }
  ]
}