{
  "camera_data": {},
  "objects": [
    {
      "class": "Corn",
      "location": [
        0.022190119515011812,
        -1.140568700264085,
        34.21703167525297
      ],
      "quaternion_xyzw": [
        0.07219490284126881,
        -0.22470635696642025,
        0.9672162100685662,
        0.0937430110633242
      ],
      "projected_cuboid": [
        [
          228.01833494938873,
          199.46393974090478
        ],
        [
          301.5795043230202,
          188.43353533105568
        ],
        [
          284.3394257256963,
          99.35585321575736
        ],
        [
          205.210649357536,
          113.89352765505065
        ],
        [
          214.43889131115645,
          246.16370691828192
        ],
        [
          300.9553591071155,
          234.652040770749
        ],
        [
          280.1906854758087,
          132.4093744896761
        ],
        [
          185.87429080720284,
          148.6134811914179
        ],
        [
          250.32501544579787,
          170.79425651228883
        ]
      ]
    }
  ]
}